id,brand,model,tip
1,آئودی, Q5,
2,آئودی, TT, کروک
3,آئودی, TT, کوپه
4,آریسان,وانت , بنزینی
5,آریسان,وانت , دوگانه سوز
6,آریو, اتوماتیک 1600cc,
7,آریو, دنده‌ای 1500cc,
8,آریو, دنده‌ای 1600cc,
9,آلفارومئو, 4C,
10,آلفارومئو, جولیتا,
11,آلفارومئو, میتو,
12,آمیکو وانت,وانت آمیکو آراز, تک دیفرانسیل
13,آمیکو وانت,وانت آمیکو آراز, دو دیفرانسیل
14,آمیکو وانت,وانت آمیکو آسنا, بنزینی
15,آمیکو وانت,وانت آمیکو آسنا, دوگانه سوز
16,اپل, آسترا استیشن,
17,اپل, آسترا سدان, جدید
18,اپل, آسترا سدان, قدیم
19,اپل, آسترا هاچبک, 1400cc
20,اپل, آسترا هاچبک, 1600cc
21,اپل, امگا,
22,اپل, اینسیگنیا,
23,اپل, کالیبرا,
24,اپل, کورسا, اتوماتیک
25,اپل, کورسا, دنده‌ای اتاق جدید
26,اپل, کورسا, دنده‌ای اتاق قدیم
27,اپل, موکا,
28,اپل, وکترا,
29,اس‌دبلیو‌ام, G01,
30,اس‌دبلیو‌ام, G01 F,
31,اسمارت, فور 2,
32,اسمارت, فور 4,
33,الدزمبیل, ریجنسی,
34,الدزمبیل, کاتلاس,
35,ام‌جی, 350,
36,ام‌جی, 360, اتوماتیک
37,ام‌جی, 360, اتوماتیک توربو
38,ام‌جی, 360, دنده‌ای
39,ام‌جی, 550,
40,ام‌جی, 6, مگنت
41,ام‌جی, 6, نیو
42,ام‌جی, 6, GT
43,ام‌جی, RX5,
44,ام‌وی‌ام, 110, ۳ سیلندر
45,ام‌وی‌ام, 110, اتوماتیک ۴ سیلندر
46,ام‌وی‌ام, 110, دنده‌ای ۴ سیلندر
47,ام‌وی‌ام, 110S, اسپرت لاکچری
48,ام‌وی‌ام, 110S, کامفورت
49,ام‌وی‌ام, 110S, لاکچری
50,ام‌وی‌ام, 315 صندوق‌دار, اسپرت
51,ام‌وی‌ام, 315 صندوق‌دار, ساده
52,ام‌وی‌ام, 315 هاچبک, اسپرت اکسلنت
53,ام‌وی‌ام, 315 هاچبک, اسپرت لاکچری
54,ام‌وی‌ام, 315 هاچبک, ساده
55,ام‌وی‌ام, 315 هاچبک پلاس,
56,ام‌وی‌ام, 530,
57,ام‌وی‌ام, 550, اتوماتیک
58,ام‌وی‌ام, 550, دنده‌ای
59,ام‌وی‌ام, X22, اتوماتیک اسپرت
60,ام‌وی‌ام, X22, اتوماتیک اسپرت اکسلنت
61,ام‌وی‌ام, X22, اتوماتیک اسپرت لاکچری
62,ام‌وی‌ام, X22, اتوماتیک ساده
63,ام‌وی‌ام, X22, اتوماتیک لاکچری
64,ام‌وی‌ام, X22, دنده‌ای اسپرت اکسلنت
65,ام‌وی‌ام, X22, دنده‌ای اسپرت لاکچری
66,ام‌وی‌ام, X22, دنده‌ای ساده
67,ام‌وی‌ام, X22, دنده‌ای لاکچری
68,ام‌وی‌ام, X22 Pro, اکسلنت
69,ام‌وی‌ام, X22 Pro, IE
70,ام‌وی‌ام, X33, اتوماتیک
71,ام‌وی‌ام, X33, دنده‌ای
72,ام‌وی‌ام, X33 S, اسپرت
73,ام‌وی‌ام, X33 S, ساده
74,ام‌وی‌ام, X33 S, نیوفیس
75,ام‌وی‌ام, X55, اکسلنت
76,ام‌وی‌ام, X55, اکسلنت اسپرت
77,ام‌وی‌ام, X55 Pro, اکسلنت
78,ام‌وی‌ام, X55 Pro, اکسلنت اسپرت
79,ایسوزو, دو کابین, D MAX
80,اینرودز, ون C35,
81,ایویکو,ون , A36
82,بایک, سابرینا, هاچبک
83,بایک, سابرینا مونتاژ, هاچبک
84,بایک, سنوا,
85,بایک, X25, اتوماتیک
86,بایک, X25, دنده ای
87,برلیانس, کراس, اتوماتیک 1500cc
88,برلیانس, کراس, اتوماتیک 1650cc
89,برلیانس, H220, اتوماتیک
90,برلیانس, H220, دنده ای
91,برلیانس, H230, اتوماتیک
92,برلیانس, H230, دنده‌ای
93,برلیانس, H320, اتوماتیک 1500cc
94,برلیانس, H320, اتوماتیک 1650cc
95,برلیانس, H320, دنده‌ای 1500cc
96,برلیانس, H320, دنده‌ای 1650cc
97,برلیانس, H330, اتوماتیک 1500cc
98,برلیانس, H330, اتوماتیک 1650cc
99,برلیانس, H330, دنده‌ای 1500cc
100,برلیانس, H330, دنده‌ای 1650cc
101,برلیانس, V5,
102,برلیانس,ون , H2L
103,بسترن, B30,
104,بسترن, B50,
105,بسترن, B50F,
106,بنز, کلاس A, A150
107,بنز, کلاس A, A170
108,بنز, کلاس A, A200
109,بنز, کلاس A, A200 توربو
110,بنز, کلاس B, ‌‌B200
111,بنز, کلاس B, B200 توربو
112,بنز, کلاس C, C180
113,بنز, کلاس C, C200
114,بنز, کلاس C, C230
115,بنز, کلاس C, C240 اتوماتیک
116,بنز, کلاس C, C240 دنده‌ای
117,بنز, کلاس C, C250
118,بنز, کلاس C, C280
119,بنز, کلاس C, C300
120,بنز, کلاس C, C350
121,بنز, کلاس C کوپه, C230
122,بنز, کلاس C کوپه, C250
123,بنز, کلاس C کوپه, C350
124,بنز, کلاس CL, CL500
125,بنز, کلاس CLA, CLA45
126,بنز, کلاس CLK کروک, CLK200
127,بنز, کلاس CLK کروک, CLK240
128,بنز, کلاس CLK کروک, CLK280
129,بنز, کلاس CLK کوپه, CLK200
130,بنز, کلاس CLS, CLS350
131,بنز, کلاس CLS, CLS500
132,بنز, کلاس CLS, CLS550
133,بنز, کلاس E, E190
134,بنز, کلاس E, E200
135,بنز, کلاس E, E220
136,بنز, کلاس E, E230
137,بنز, کلاس E, E240 اتوماتیک
138,بنز, کلاس E, E240 دنده‌ای
139,بنز, کلاس E, E250
140,بنز, کلاس E, E280
141,بنز, کلاس E, E300
142,بنز, کلاس E, E350
143,بنز, کلاس E کروک, E200
144,بنز, کلاس E کروک, E250
145,بنز, کلاس E کروک, E350
146,بنز, کلاس E کوپه, E200
147,بنز, کلاس E کوپه, E250
148,بنز, کلاس E کوپه, E350
149,بنز, کلاس E مونتاژ, E200
150,بنز, کلاس E مونتاژ, E280
151,بنز, کلاس E مونتاژ, E350
152,بنز, کلاس GLA, GLA250
153,بنز, کلاس GLA, GLA45
154,بنز, کلاس GLK, GLK350
155,بنز, کلاس ML, ML350
156,بنز, کلاس S, S280
157,بنز, کلاس S, S300
158,بنز, کلاس S, S320
159,بنز, کلاس S, S350
160,بنز, کلاس S, S500
161,بنز, کلاس S, SE
162,بنز, کلاس SL, SL350
163,بنز, کلاس SL, SL500
164,بنز, کلاس SLC,
165,بنز, کلاس SLK, SLK200
166,بنز, کلاس SLK, SLK280
167,بنز, کلاس SLK, SLK350
168,بنز, کلاسیک,
169,بنز,ون , ویتو
170,بنز,ون , MB140
171,بورگوارد, BX5, التیمیت
172,بورگوارد, BX7, التیمیت
173,بی‌ام‌و, 2002,
174,بی‌ام‌و, سری 1 کروک, 120i
175,بی‌ام‌و, سری 1 کروک, 125i
176,بی‌ام‌و, سری 1 کوپه,
177,بی‌ام‌و, سری 1 هاچبک, 118i
178,بی‌ام‌و, سری 1 هاچبک, 120i
179,بی‌ام‌و, سری 1 هاچبک, 125i
180,بی‌ام‌و, سری 2 اکتیوتور, 218i
181,بی‌ام‌و, سری 2 کروک, 220i
182,بی‌ام‌و, سری 2 کروک, 230i
183,بی‌ام‌و, سری 2 کوپه, 220i
184,بی‌ام‌و, سری 2 کوپه, 230i
185,بی‌ام‌و, سری 3 سدان, 316i
186,بی‌ام‌و, سری 3 سدان, 318i اتوماتیک
187,بی‌ام‌و, سری 3 سدان, 318i دنده‌ای
188,بی‌ام‌و, سری 3 سدان, 320i
189,بی‌ام‌و, سری 3 سدان, 325i
190,بی‌ام‌و, سری 3 سدان, 328i
191,بی‌ام‌و, سری 3 سدان, 330i
192,بی‌ام‌و, سری 3 کروک, 320i
193,بی‌ام‌و, سری 3 کروک, 325i
194,بی‌ام‌و, سری 3 کروک, 330i
195,بی‌ام‌و, سری 3 کروک, 335i
196,بی‌ام‌و, سری 3 کوپه, 320i
197,بی‌ام‌و, سری 3 کوپه, 325i
198,بی‌ام‌و, سری 3 کوپه, 330i
199,بی‌ام‌و, سری 3 کوپه, 335i
200,بی‌ام‌و, سری 3 GT, 328i
201,بی‌ام‌و, سری 4 کروک, 428i
202,بی‌ام‌و, سری 4 کوپه, 420i
203,بی‌ام‌و, سری 4 کوپه, 428i
204,بی‌ام‌و, سری 4 گرن کوپه, 420i
205,بی‌ام‌و, سری 4 گرن کوپه, 428i
206,بی‌ام‌و, سری 5 سدان, 518
207,بی‌ام‌و, سری 5 سدان, 520i
208,بی‌ام‌و, سری 5 سدان, 523i
209,بی‌ام‌و, سری 5 سدان, 525i
210,بی‌ام‌و, سری 5 سدان, 528i
211,بی‌ام‌و, سری 5 سدان, 530i
212,بی‌ام‌و, سری 5 سدان, 530xi
213,بی‌ام‌و, سری 5 سدان, 535i
214,بی‌ام‌و, سری 5 سدان, 540i
215,بی‌ام‌و, سری 5 سدان, 550i
216,بی‌ام‌و, سری 5 GT, 528i
217,بی‌ام‌و, سری 5 GT, 535i
218,بی‌ام‌و, سری 6 کروک, 630i
219,بی‌ام‌و, سری 6 کروک, 650i
220,بی‌ام‌و, سری 6 کروک, M6
221,بی‌ام‌و, سری 6 کوپه, 630i
222,بی‌ام‌و, سری 6 کوپه, 640i
223,بی‌ام‌و, سری 6 کوپه, 650i
224,بی‌ام‌و, سری 6 گرن کوپه, 640i
225,بی‌ام‌و, سری 6 گرن کوپه, 650i
226,بی‌ام‌و, سری 6 گرن کوپه, M6
227,بی‌ام‌و, سری 7, 730i
228,بی‌ام‌و, سری 7, 730li
229,بی‌ام‌و, سری 7, 740li
230,بی‌ام‌و, سری 7, 750li
231,بی‌ام‌و, کلاسیک,
232,بی‌ام‌و, i8,
233,بی‌ام‌و, X1, 18i
234,بی‌ام‌و, X1, 20i
235,بی‌ام‌و, X1, 25i
236,بی‌ام‌و, X1, 28i
237,بی‌ام‌و, X3, 25i
238,بی‌ام‌و, X3, 28i
239,بی‌ام‌و, X3, 30i
240,بی‌ام‌و, X3, 35i
241,بی‌ام‌و, X4, 28i
242,بی‌ام‌و, X5, 50i
243,بی‌ام‌و, X6, 35i
244,بی‌ام‌و, X6, 50i
245,بی‌ام‌و, z3,
246,بی‌ام‌و, Z4, 20i
247,بی‌ام‌و, Z4, 23i
248,بی‌ام‌و, Z4, 28i
249,بی‌ام‌و, Z4, 30i
250,بی‌ام‌و, Z4, 35i
251,بیسو, T3,
252,بی‌‌وای‌دی, F3,
253,بی‌‌وای‌دی, S6,
254,بی‌‌وای‌دی, S7,
255,بیوک, B2,
256,بیوک, B3,
257,بیوک, B3 مونتاژ,
258,پاژن, 2 در,
259,پاژن, 4 در, 4 سیلندر
260,پاژن, 4 در, 6 سیلندر
261,پاژن, هرور,
262,پراید, 111, EX
263,پراید, 111, SE
264,پراید, 111, SL
265,پراید, 111, SX
266,پراید, 131, دوگانه سوز
267,پراید, 131, EX
268,پراید, 131, LE
269,پراید, 131, SE
270,پراید, 131, SL
271,پراید, 131, SX
272,پراید, 131, TL
273,پراید, 132, دوگانه سوز
274,پراید, 132, ساده
275,پراید, 132, EX
276,پراید, 132, SE
277,پراید, 132, SL
278,پراید, 132, SX
279,پراید, 141, دوگانه سوز
280,پراید, 141, ساده
281,پراید, 141, EX
282,پراید, 141, SE
283,پراید, 141, SX
284,پراید, اتوماتیک,
285,پراید, سفری,
286,پراید, صندوق‌دار, بنزینی
287,پراید, صندوق‌دار, CNG
288,پراید, صندوق‌دار, LPG
289,پراید, هاچبک,
290,پراید,وانت  151, پلاس
291,پراید,وانت  151, دوگانه سوز
292,پراید,وانت  151, SE
293,پراید,وانت  151, SL
294,پروتون, ایمپین,
295,پروتون, جن تو, اتوماتیک
296,پروتون, جن تو, دنده‌ای
297,پروتون, ویرا, اتوماتیک
298,پروتون, ویرا, دنده‌ای
299,پژو, 2008,
300,پژو, 205,
301,پژو, 206, تیپ ۱
302,پژو, 206, تیپ ۲
303,پژو, 206, تیپ ۳
304,پژو, 206, تیپ ۴
305,پژو, 206, تیپ ۵
306,پژو, 206, تیپ ۶
307,پژو, 206 SD, V1
308,پژو, 206 SD, V10
309,پژو, 206 SD, V19
310,پژو, 206 SD, V2
311,پژو, 206 SD, V20
312,پژو, 206 SD, V6
313,پژو, 206 SD, V8
314,پژو, 206 SD, V9
315,پژو, 207i, اتوماتیک
316,پژو, 207i, اتوماتیک MC
317,پژو, 207i, پانوراما اتوماتیک
318,پژو, 207i, پانوراما دنده‌ای
319,پژو, 207i, دنده‌ای
320,پژو, 207i SD, اتوماتیک
321,پژو, 207i SD, دنده‌ای
322,پژو, 301,
323,پژو, 404,
324,پژو, 405, استیشن
325,پژو, 405, بنزینی GLX - TU5
326,پژو, 405, دوگانه سوز GLX - TU5
327,پژو, 405, GL - دوگانه سوز CNG
328,پژو, 405, GL - دوگانه سوز LPG
329,پژو, 405, GL بنزینی
330,پژو, 405, GLi - دوگانه سوز CNG
331,پژو, 405, GLi - دوگانه سوز LPG
332,پژو, 405, GLi بنزینی
333,پژو, 405, GLX - دوگانه سوز CNG
334,پژو, 405, GLX - دوگانه سوز LPG
335,پژو, 405, GLX بنزینی
336,پژو, 405, SLX بنزینی
337,پژو, 405, SLX دوگانه سوز
338,پژو, 406,
339,پژو, 407,
340,پژو, 504,
341,پژو, 508, GT
342,پژو, پارس, اتوماتیک TU5
343,پژو, پارس, دوگانه سوز
344,پژو, پارس, ساده
345,پژو, پارس, سال
346,پژو, پارس, موتور جدید XU7P
347,پژو, پارس, موتور جدید XU7P (سفارشی)
348,پژو, پارس, ELX
349,پژو, پارس, ELX (سفارشی) TU5
350,پژو, پارس, ELX XUM
351,پژو, پارس, LX TU5
352,پژو, پارس لیموزین,
353,پژو, روآ, بنزینی
354,پژو, روآ, دوگانه سوز
355,پژو, روآ سال, بنزینی
356,پژو, روآ سال, دوگانه سوز
357,پژو, RD, بنزینی
358,پژو, RD, دوگانه سوز CNG
359,پژو, RD, دوگانه سوز LPG
360,پژو, RDI, بنزینی
361,پورشه, 911, کررا 4
362,پورشه, 911, کررا s
363,پورشه, باکستر, 718
364,پورشه, باکستر, 718 S
365,پورشه, باکستر, V6
366,پورشه, باکستر, V6 S
367,پورشه, پانامرا, 4S
368,پورشه, پانامرا, 4S توربو
369,پورشه, پانامرا, V6
370,پورشه, کاین, GTS
371,پورشه, کاین, S
372,پورشه, کاین, S توربو
373,پورشه, کاین, V6
374,پورشه, کیمن, S
375,پورشه, ماکان,
376,پونتیاک, پاریزین,
377,پونتیاک, گرند پریکس,
378,پیکان, بنزینی,
379,پیکان, دوگانه سوز CNG,
380,پیکان, دوگانه سوز LPG,
381,پیکان, وانت, بنزینی
382,پیکان, وانت, CNG
383,پیکان, وانت, LPG
384,تارا, اتوماتیک,
385,تارا, دنده‌ای,
386,تویوتا, آریون, اسپرت
387,تویوتا, آریون, گرند
388,تویوتا, اف جی کروزر,
389,تویوتا, اکو,
390,تویوتا, پرادو ۲ در, ۴ سلیندر
391,تویوتا, پرادو ۲ در, ۶ سلیندر
392,تویوتا, پرادو ۴ در, ۴ سلیندر
393,تویوتا, پرادو ۴ در, ۶ سلیندر
394,تویوتا, پرادو ۴ در, ۶ سلیندر آفرود
395,تویوتا, پرادو ۴ در, ۶ سلیندر آنرود
396,تویوتا, پریوس, 2
397,تویوتا, پریوس, 3
398,تویوتا, پریوس, A
399,تویوتا, پریوس, B
400,تویوتا, پریوس, C
401,تویوتا, راوفور,
402,تویوتا, سلیکا,
403,تویوتا, سوپرا,
404,تویوتا, سولارا,
405,تویوتا, فررانر,
406,تویوتا, فورچونر,
407,تویوتا, کارینا,
408,تویوتا, کراون,
409,تویوتا, کرولا, اتوماتیک GLI - 1800cc
410,تویوتا, کرولا, اتوماتیک XLI - 1800cc
411,تویوتا, کرولا, دنده‌ای GLI - 1800cc
412,تویوتا, کرولا, دنده‌ای XLI - 1800cc
413,تویوتا, کرولا, GLI 2000cc
414,تویوتا, کرولا, SE 1600cc
415,تویوتا, کرولا, XLI 2000cc
416,تویوتا, کرونا,
417,تویوتا, کریسیدا,
418,تویوتا, کمری, اتاق آریون
419,تویوتا, کمری, دنده‌ای
420,تویوتا, کمری, گرند 4 سیلندر
421,تویوتا, کمری, گرند 6 سیلندر
422,تویوتا, کمری, GL
423,تویوتا, کمری, GLX
424,تویوتا, کمری, LE
425,تویوتا, کمری, LE هیبرید
426,تویوتا, کمری, SE
427,تویوتا, کمری, XLE هیبرید
428,تویوتا, لندکروزر ۲ در, 2F
429,تویوتا, لندکروزر ۲ در, 3F
430,تویوتا, لندکروزر ۴ در, 4000cc
431,تویوتا, لندکروزر ۴ در, 4500cc
432,تویوتا, لندکروزر ۴ در, 4700cc
433,تویوتا, لندکروزر ۴ در, 5700cc
434,تویوتا, هایلوکس تک کابین,
435,تویوتا, هایلوکس دو کابین, اتوماتیک
436,تویوتا, هایلوکس دو کابین, دنده‌ای
437,تویوتا, هایلوکس دو کابین بلند, اتوماتیک
438,تویوتا, هایلوکس دو کابین بلند, دنده‌ای
439,تویوتا, یاریس صندوق دار, 1300cc
440,تویوتا, یاریس صندوق دار, 1500cc
441,تویوتا, یاریس هاچبک, 1300cc
442,تویوتا, یاریس هاچبک, 1500cc
443,تویوتا, C-HR, بنزینی تک دیفرانسیل
444,تویوتا, C-HR, بنزینی دو دیفرانسیل
445,تویوتا, C-HR, هیبرید
446,تویوتا, GT 86, اتوماتیک
447,تویوتا, GT 86, دنده‌ای
448,تویوتا,وانت لندکروزر, تک کابین 2F
449,تویوتا,وانت لندکروزر, تک کابین 3F
450,تویوتا,وانت لندکروزر, تک کابین 4.5F
451,تویوتا,وانت لندکروزر, دو کابین 3F
452,تویوتا,وانت لندکروزر, دو کابین 4.5F
453,تویوتا,ون , پرویا
454,تویوتا,ون , هایس
455,تیبا, صندوق‌دار, پلاس
456,تیبا, صندوق‌دار, EX
457,تیبا, صندوق‌دار, EX دوگانه سوز
458,تیبا, صندوق‌دار, LX
459,تیبا, صندوق‌دار, LX دوگانه سوز
460,تیبا, صندوق‌دار, SX
461,تیبا, صندوق‌دار, SX دوگانه سوز
462,تیبا, هاچبک, پلاس
463,تیبا, هاچبک, EX
464,تیبا, هاچبک, SX
465,جک, J3 سدان,
466,جک, J3 هاچبک,
467,جک, J5, اتوماتیک 1800cc
468,جک, J5, دنده‌ای 1500cc
469,جک, S3, اتوماتیک
470,جک, S5, اتوماتیک
471,جک, S5, دنده‌ای
472,جک, S5 نیوفیس,
473,جک,ون , ریفاین
474,جک,ون , سانری
475,جگوار, XJ,
476,جوی لانگ,ون ,
477,جی‌ام‌سی, S350,
478,جی‌ای‌سی گونو, G5,
479,جی‌ای‌سی گونو, GA3S,
480,جی‌ای‌سی گونو, GS5,
481,جی‌ای‌سی گونو,وانت , تروی
482,جیپ, آهو,
483,جیپ, چروکی,
484,جیپ, رنگلر,
485,جیپ, رنه گید,
486,جیپ, شهباز,
487,جیپ, صحرا,
488,جیپ, میوت,
489,جیپ, واگونیر,
490,جیپ,وانت , سیمرغ
491,جیلی, Emgrand 7, اتوماتیک
492,جیلی, Emgrand 7, دنده‌ای
493,جیلی, Emgrand 7_RV, اتوماتیک
494,جیلی, Emgrand 7_RV, دنده‌ای
495,جیلی, Emgrand X7,
496,جیلی, GC6, اکسلنت
497,جیلی, GC6, الیت
498,چانگان, CS35,
499,چانگان, CS35 مونتاژ,
500,چانگان, EADO,
501,چری, آریزو 5, اتوماتیک اکسلنت
502,چری, آریزو 5, اتوماتیک لاکچری
503,چری, آریزو 5, دنده‌ای لاکچری
504,چری, آریزو 5IE جدید, توربو
505,چری, آریزو 5TE, اکسلنت توربو
506,چری, آریزو 6, اکسلنت
507,چری, تیگو 5, اکسلنت
508,چری, تیگو 5, لاکچری
509,چری, تیگو 5, لاکچری اسپرت
510,چری, تیگو 5, IE
511,چری, تیگو 5, IL
512,چری, تیگو 5, TE توربو
513,چری, تیگو 7, اکسلنت
514,چری, تیگو 7, IE
515,چری, ویانا A15,
516,داتسون,سواری ,
517,داتسون,وانت ,
518,دامای, X7,
519,دانگ فنگ, H30 کراس,
520,دانگ فنگ, S30,
521,دایون, Y5,
522,دلیکا,ون , تاکسی
523,دلیکا,ون , شخصی
524,دنا, پلاس, اتوماتیک
525,دنا, پلاس, تیپ ۱ توربو
526,دنا, پلاس, تیپ ۱ دنده‌ای
527,دنا, پلاس, تیپ ۲ توربو
528,دنا, پلاس, تیپ ۲ دنده‌ای
529,دنا, معمولی, تیپ ۱
530,دنا, معمولی, تیپ ۲
531,دوج, کرنت,
532,دوج,ون ,
533,دوو, اسپرو, اتوماتیک
534,دوو, اسپرو, دنده‌ای
535,دوو, ریسر, هاچبک
536,دوو, ریسر, GTE
537,دوو, ریسر, GTI
538,دوو, سی یلو, سدان
539,دوو, سی یلو, هاچبک
540,دوو, ماتیز,
541,دی‌اس, 5LS,
542,دی‌اس, کراس بک 4,
543,دی‌اس, کراس بک 7, اپرا
544,دی‌اس, کراس بک 7, ریولی
545,دییر,وانت ,
546,رانا, پلاس,
547,رانا, پلاس پانوراما,
548,رانا, EL,
549,رانا, LX,
550,راین, V5, اتوماتیک
551,راین, V5, دنده‌ای
552,رنو, 21,
553,رنو, 5,
554,رنو, 5 مونتاژ,
555,رنو, اسکالا, 1600cc
556,رنو, اسکالا, کروک
557,رنو, اسکالا, E2
558,رنو, اسکالا, E4
559,رنو, پارس تندر, دنده‌ای
560,رنو, پی کی,
561,رنو, تلیسمان, E2
562,رنو, تلیسمان, E3
563,رنو, تندر 90, اتوماتیک
564,رنو, تندر 90, استیشن (لوگان)
565,رنو, تندر 90, E0 بنزینی
566,رنو, تندر 90, E0 دوگانه سوز
567,رنو, تندر 90, E1 بنزینی
568,رنو, تندر 90, E1 دوگانه سوز
569,رنو, تندر 90, E2 بنزینی
570,رنو, تندر 90, E2 دوگانه سوز
571,رنو, تندر 90 پلاس, اتوماتیک
572,رنو, تندر 90 پلاس, دنده‌ای
573,رنو, داستر, PE تک دیفرانسیل
574,رنو, داستر, PE دو دیفرانسیل
575,رنو, داستر, SE تک دیفرانسیل
576,رنو, داستر, SE دو دیفرانسیل
577,رنو, ساندرو, اتوماتیک
578,رنو, ساندرو, دنده‌ای
579,رنو, ساندرو استپ‌وی, اتوماتیک
580,رنو, ساندرو استپ‌وی, دنده‌ای
581,رنو, سپند,
582,رنو, سفران, LE 2500cc
583,رنو, سفران, PE 2000cc
584,رنو, سفران, PE 2500cc
585,رنو, سفران, SE 2000cc
586,رنو, سیمبل, LE
587,رنو, سیمبل, PE
588,رنو, سیمبل, SE
589,رنو, فلوئنس, دنده‌ای
590,رنو, فلوئنس, E2
591,رنو, فلوئنس, E4
592,رنو, کپچر,
593,رنو, کوليوس, نسل اول
594,رنو, کوليوس, نسل دوم
595,رنو, لاگونا, کوپه
596,رنو, لتیتود,
597,رنو, مگان, 1600cc
598,رنو, مگان, 2000cc
599,رنو, مگان, کروک
600,رنو, مگان, هاچبک
601,رنو, مگان مونتاژ, 2000cc
602,رنو, مگان مونتاژ, E1 1600cc
603,رنو, مگان مونتاژ, E2 1600cc
604,رنو,وانت , تندر 90
605,رنو,ون , ترافیک
606,ریچ,پیکاپ  دوکابین,
607,ریگان, کوپا, اکسکلوسیو
608,ریگان, کوپا, رویال
609,ریگان, کوپا, فلگ شیپ
610,زامیاد, پادرا,
611,زامیاد, پادرا پلاس,
612,زامیاد, درکا,
613,زامیاد, شوکا,
614,زامیاد, Z 24, بنزینی
615,زامیاد, Z 24, بنزینی آپشنال
616,زامیاد, Z 24, دوگانه سوز
617,زامیاد, Z 24, دوگانه سوز آپشنال
618,زامیاد, Z 24, دیزلی
619,زوتی, Z300 وارداتی,
620,سانگ یانگ, اکتیون,
621,سانگ یانگ, تیوولی, ارمور
622,سانگ یانگ, تیوولی, اسپرت
623,سانگ یانگ, تیوولی, الیت
624,سانگ یانگ, تیوولی مونتاژ, اسپشیال توربو
625,سانگ یانگ, تیوولی مونتاژ, سولار
626,سانگ یانگ, تیوولی مونتاژ, فایتر توربو
627,سانگ یانگ, تیوولی مونتاژ, فیس ۲۰۱۸
628,سانگ یانگ, چیرمن,
629,سانگ یانگ, رکستون, ساده
630,سانگ یانگ, رکستون, G4
631,سانگ یانگ, رکستون مونتاژ, امپرور
632,سانگ یانگ, رکستون مونتاژ, G4
633,سانگ یانگ, رودیوس,
634,سانگ یانگ, کایرون,
635,سانگ یانگ, کوراندو, 2300cc
636,سانگ یانگ, کوراندو, 3200cc
637,سانگ یانگ, موسو, 2300cc دنده ای
638,سانگ یانگ, موسو, 3200cc اتوماتیک
639,سانگ یانگ, موسو, 3200cc دنده ای
640,سانگ یانگ, نیو اکتیون, پرستیژ
641,سانگ یانگ, نیو اکتیون, کامفورت
642,سانگ یانگ, نیو اکتیون, لاکچری
643,سانگ یانگ, نیو کوراندو, اپتیموم
644,سانگ یانگ, نیو کوراندو, پرمیوم
645,سانگ یانگ, نیو کوراندو, پرمیوم پلاس
646,ساینا, اتوماتیک,
647,ساینا, دنده‌ای, پلاس
648,ساینا, دنده‌ای, EX
649,ساینا, دنده‌ای, G
650,ساینا, دنده‌ای, S
651,ساینا, دنده‌ای, SX
652,سئات, لئون,
653,سمند, سریر,
654,سمند, سورن, معمولی
655,سمند, سورن, ELX
656,سمند, سورن, ELX توربو شارژ
657,سمند, سورن پلاس,
658,سمند, EL, بنزینی
659,سمند, EL, دوگانه سوز
660,سمند, LX, ساده
661,سمند, LX, EF7 بنزینی
662,سمند, LX, EF7 گازسوز
663,سمند, SE,
664,سمند, X7, بنزینی
665,سمند, X7, دوگانه سوز
666,سوئیست, DX 3,
667,سوبارو, فارستر,
668,سوبارو, لگاسی,
669,سوبارو, وی ویو,
670,سوبارو, X7,
671,سوبارو,وانت ,
672,سوزوکی, کیزاشی, اتوماتیک
673,سوزوکی, کیزاشی, دنده‌ای
674,سوزوکی, گرند ویتارا, اتوماتیک 2000cc
675,سوزوکی, گرند ویتارا, دنده‌ای 2000cc
676,سوزوکی, گرند ویتارا مونتاژ, اتوماتیک 2000cc
677,سوزوکی, گرند ویتارا مونتاژ, اتوماتیک 2400cc
678,سوزوکی, گرند ویتارا مونتاژ, دنده‌ای 2000cc
679,سوزوکی, گرند ویتارا مونتاژ, دنده‌ای 2400cc
680,سیتروئن, زانتیا, 1800cc
681,سیتروئن, زانتیا, 2000cc
682,سیتروئن, زانتیا 2 (فیس لیفت),
683,سیتروئن, ژیان,
684,سیتروئن, C3 مونتاژ, بدون گرمکن صندلی
685,سیتروئن, C3 مونتاژ, گرمکن صندلی
686,سیتروئن, C5,
687,سیتروئن, C5 جدید,
688,شاهین, G,
689,شورولت, ایمپالا,
690,شورولت, بلر,
691,شورولت, بلیزر,
692,شورولت, رویال مونتاژ,
693,شورولت, سابربن,
694,شورولت, فلیت مستر,
695,شورولت, کاپریس,
696,شورولت, کامارو,
697,شورولت, مونت کارلو,
698,شورولت, نوا,
699,شورولت, نوا مونتاژ,
700,شورولت,وانت ,
701,شورولت,ون , وندورا
702,فردا, 511,
703,فردا, Sx5,
704,فردا, Sx6,
705,فردا, T5,
706,فوتون, ساوانا,
707,فوتون,وانت , تونلند دو دیفرانسیل بنزینی
708,فوتون,وانت , تونلند دو دیفرانسیل دیزلی
709,فوتون,ون ,
710,فورد, تاروس,
711,فورد, موستانگ,
712,فورد, F150,
713,فولکس, بیتل, کروک
714,فولکس, بیتل, کوپه
715,فولکس, پاسات,
716,فولکس, تیگوان,
717,فولکس, کدی,
718,فولکس, گل,
719,فولکس, گلف, ساده
720,فولکس, گلف, GTI
721,فولکس,وانت ,
722,فولکس,ون , ترنسپورتر
723,فولکس,ون , کدی
724,فولکس,ون , T2
725,فولکس,ون , T2 کمبی
726,فولکس,ون , T3
727,فونیکس, آریزو 6 پرو,
728,فونیکس, تیگو 7 پرو,
729,فونیکس, تیگو 8 پرو,
730,فیات, 500,
731,فیات, سی ینا,
732,فیدلیتی, پرایم, ۵ نفره
733,فیدلیتی, پرایم, ۷ نفره
734,کاپرا, 2,
735,کاپرا, تک کابین, تک دیفرانسیل
736,کاپرا, دو کابین, تک دیفرانسیل
737,کاپرا, دو کابین, دو دیفرانسیل
738,کوییک, اتوماتیک, فول
739,کوییک, اتوماتیک, فول پلاس
740,کوییک, اتوماتیک, S
741,کوییک, دنده‌ای, ساده
742,کوییک, دنده‌ای, G
743,کوییک, دنده‌ای, R
744,کوییک, دنده‌ای, R Plus
745,کوییک, دنده‌ای, S
746,کیا, اپتیما, 2400cc
747,کیا, اپتیما, 2700cc
748,کیا, اپتیما, GT Line 2400cc
749,کیا, اپتیما هیبرید,
750,کیا, اپیروس,
751,کیا, اسپورتیج, 2000cc توربو
752,کیا, اسپورتیج, 2400cc
753,کیا, اسپورتیج, 2700cc
754,کیا, اسپورتیج, GT Line 2400cc
755,کیا, پیکانتو,
756,کیا, ریو, سدان
757,کیا, ریو, هاچبک
758,کیا, ریو مونتاژ, اتوماتیک
759,کیا, ریو مونتاژ, دنده‌ای
760,کیا, سراتو, اتوماتیک 1600cc
761,کیا, سراتو, اتوماتیک 2000cc
762,کیا, سراتو کوپه, 1600cc
763,کیا, سراتو کوپه, 2000cc
764,کیا, سراتو مونتاژ, اتوماتیک 2000cc
765,کیا, سراتو مونتاژ, اتوماتیک آپشنال 2000cc
766,کیا, سراتو مونتاژ, دنده‌ای 1600cc
767,کیا, سراتو مونتاژ, دنده‌ای آپشنال 1600cc
768,کیا, سورنتو, نسل اول
769,کیا, سورنتو, نسل دوم
770,کیا, سورنتو, نسل سوم
771,کیا, سورنتو, GT Line نسل سوم
772,کیا, سول,
773,کیا, کادنزا,
774,کیا, کارناوال,
775,کیا, کارنز,
776,کیا, موهاوی, 6 سیلندر
777,کیا, موهاوی, 8 سیلندر
778,کی‌ام‌سی, K7,
779,کی‌ام‌سی, T8,
780,گریت وال, وینگل 5 تک کابین, تک دیفرانسیل
781,گریت وال, وینگل 5 تک کابین, دو دیفرانسیل
782,گریت وال, وینگل 5 دو کابین, تک دیفرانسیل
783,گریت وال, وینگل 5 دو کابین, دو دیفرانسیل
784,گریت وال, C30, اتوماتیک
785,گریت وال, C30, دنده‌ای
786,گریت وال,وانت  وینگل 3,
787,گریت وال,ون , 13 نفره
788,گریت وال,ون , 9 نفره
789,لادا, نیوا,
790,لکسوس, CT, 200 H
791,لکسوس, CT, 200H F
792,لکسوس, ES, 250
793,لکسوس, ES, 350
794,لکسوس, GS, 250
795,لکسوس, GS, 250 F
796,لکسوس, GS, 430
797,لکسوس, GS, 460
798,لکسوس, IS, 250
799,لکسوس, IS, 250 F
800,لکسوس, IS, 300
801,لکسوس, IS کروک, 300
802,لکسوس, LS, 460L
803,لکسوس, LX, 570
804,لکسوس, NX 200t, پرمیوم
805,لکسوس, NX 200t, پلاتینیوم
806,لکسوس, NX 200t, F
807,لکسوس, NX 300 H, 300
808,لکسوس, NX 300 H, 300 F
809,لکسوس, RX, 200T لاکچری
810,لکسوس, RX, 200T F
811,لکسوس, RX, 350
812,لکسوس, RX, 350 F
813,لندرور, دیسکاوری,
814,لندرور, دیفندر,
815,لندرور, رنجرور,
816,لندرور, رنجرور ایووک,
817,لندرور, سری مونتاژ,
818,لندرور, فریلندر,
819,لندمارک, V7,
820,لوتوس, الیزه, Cup 220
821,لوتوس, الیزه, S
822,لوکسژن, U6,
823,لیفان, 520,
824,لیفان, 520i,
825,لیفان, 620, 1600cc
826,لیفان, 620, 1800cc
827,لیفان, 820,
828,لیفان, X50, اتوماتیک
829,لیفان, X50, دنده‌ای
830,لیفان, X60, اتوماتیک
831,لیفان, X60, دنده‌ای
832,لیفان, X70,
833,مازراتی, کواتروپورته, ساده
834,مازراتی, کواتروپورته, GTS
835,مازراتی, کواتروپورته, S
836,مازراتی, گرن توریسمو, ساده
837,مازراتی, گرن توریسمو, MC
838,مازراتی, گرن توریسمو, S
839,مازراتی, گرن کبریو, ساده
840,مازراتی, گرن کبریو, MC
841,مازراتی, گرن کبریو, S
842,مازراتی, گیبلی,
843,مزدا, 2 مونتاژ, تیپ 2
844,مزدا, 3 مونتاژ, تیپ 1
845,مزدا, 3 مونتاژ, تیپ 2
846,مزدا, 3 مونتاژ, تیپ 3
847,مزدا, 323, اتوماتیک
848,مزدا, 323, دنده‌ای
849,مزدا, 323, F
850,مزدا, 3N صندوق‌دار مونتاژ, تیپ 1
851,مزدا, 3N صندوق‌دار مونتاژ, تیپ 2
852,مزدا, 3N صندوق‌دار مونتاژ, تیپ 3
853,مزدا, 3N صندوق‌دار مونتاژ, تیپ 4
854,مزدا, 3N هاچبک مونتاژ, تیپ 1
855,مزدا, 3N هاچبک مونتاژ, تیپ 3
856,مزدا,وانت , 1000
857,مزدا,وانت , 1600
858,مزدا,وانت , 2000 تک کابین بنزینی
859,مزدا,وانت , 2000 تک کابین دوگانه سوز
860,مزدا,وانت , 2000 دو کابین بنزینی
861,مزدا,وانت , 2000 دو کابین دوگانه سوز
862,مزدا,وانت , 2600
863,مزدا,وانت , کارا تک کابین 1700cc
864,مزدا,وانت , کارا تک کابین 2000cc
865,مزدا,وانت , کارا دو کابین 1700cc
866,مزدا,وانت , کارا دو کابین 2000cc
867,مکث موتور, کلوت, دنده‌ای
868,مکسوس,ون ,
869,میتسوبیشی, اوتلندر, تیپ 3
870,میتسوبیشی, اوتلندر, تیپ 4
871,میتسوبیشی, اوتلندر, تیپ 5
872,میتسوبیشی, اوتلندر PHEV,
873,میتسوبیشی, پاجرو 2 در, 4 سیلندر
874,میتسوبیشی, پاجرو 2 در, 6 سیلندر
875,میتسوبیشی, پاجرو 4 در, 4 سیلندر
876,میتسوبیشی, پاجرو 4 در, 6 سیلندر
877,میتسوبیشی, پاجرو مونتاژ, اتوماتیک
878,میتسوبیشی, پاجرو مونتاژ, دنده‌ای
879,میتسوبیشی, گالانت,
880,میتسوبیشی, لنسر, 1800cc
881,میتسوبیشی, لنسر, اتوماتیک 1600cc
882,میتسوبیشی, لنسر, دنده‌ای 1600cc
883,میتسوبیشی, میراژ,
884,میتسوبیشی, ASX, تیپ 4
885,میتسوبیشی, ASX, مید لاین
886,میتسوبیشی, ASX, های لاین
887,میتسوبیشی,وانت ,
888,میتسوبیشی,ون , کاسپین
889,مینی, کانتری من, S
890,مینی, کلاب من, S
891,مینی, کلاسیک,
892,مینی, کوپر S, 3 در
893,مینی, کوپر S, 5 در
894,نیسان, آلتیما,
895,نیسان, ایکس تریل, اتوماتیک
896,نیسان, ایکس تریل, دنده ای
897,نیسان, پاترول 2 در, 4 سیلندر
898,نیسان, پاترول 4 در, 4 سیلندر
899,نیسان, پاترول 4 در, 6 سیلندر
900,نیسان, پت فایندر,
901,نیسان, تی ینا مونتاژ, HI
902,نیسان, تی ینا مونتاژ, MID
903,نیسان, تی ینا وارداتی,
904,نیسان, تیدا,
905,نیسان, جوک, اسپرت
906,نیسان, جوک, اسکای پک
907,نیسان, جوک, پلاتینیوم
908,نیسان, رونیز,
909,نیسان, سانی,
910,نیسان, سرانزا,
911,نیسان, قشقایی,
912,نیسان, قشقایی مونتاژ,
913,نیسان, ماکسیما مونتاژ, اتوماتیک
914,نیسان, ماکسیما مونتاژ, دنده‌ای
915,نیسان, ماکسیما وارداتی,
916,نیسان, مورانو, LE
917,نیسان, مورانو, SE
918,نیسان, مورانو, SL
919,نیسان,وانت ,نیسان پیکاپ دو کابین بنزینی
920,نیسان,وانت ,نیسان پیکاپ دو کابین دوگانه سوز
921,نیسان,وانت , پاترول
922,نیسان,وانت , پیکاپ تک کابین
923,ولوو, C30,
924,ولوو, C70, کروک
925,ولوو, V40, R دیزاین
926,ولوو, V40, R دیزاین پلاس
927,ولوو, XC60, R دیزاین
928,ولوو, XC60, T5
929,ولوو, XC90, اینسکریپشن
930,ولوو, XC90, مومنتوم
931,ولوو, XC90, R دیزاین
932,ون ایران خودرو, غزال‌,
933,ون ایران خودرو, وانا,
934,ون سایپا, کاروان,
935,ون فاو, سیبا,
936,ون نارون, تاکسی,
937,ون نارون, شخصی,
938,هافی لوبو, لوبو,
939,هامر, H2,
940,هاوال, H2 مونتاژ,
941,هاوال, H6,
942,هاوال, H6 مونتاژ,
943,هاوال, H9,
944,هاوال, M4,
945,هاوال, M4 مونتاژ,
946,هایما, S5, اتوماتیک ۶ سرعته
947,هایما, S5, اتوماتیک CVT
948,هایما, S7, 2000cc
949,هایما, S7, توربو1800cc
950,هایما, S7 پلاس,
951,هن تنگ, X5 مونتاژ,
952,هن تنگ, X7 مونتاژ,
953,هوندا, آکورد, DX
954,هوندا, آکورد, EX
955,هوندا, آکورد, EXA
956,هوندا, آکورد, EXB
957,هوندا, آکورد, EXL
958,هوندا, آکورد, LXB
959,هوندا, سیویک,
960,هوندا, لجند,
961,هوندا, CR-V, تورینگ
962,هوندا, CR-V, EXL
963,هوندا, CR-X,
964,هیوسو,وانت  T205,
965,هیوندای,ون , H1
966,هیوندای,ون , H350
967,هیوندای, آزرا گرنجور, 2400cc
968,هیوندای, آزرا گرنجور, 3000cc
969,هیوندای, آزرا گرنجور, 3300cc
970,هیوندای, آوانته, اتوماتیک
971,هیوندای, آوانته, دنده‌ای
972,هیوندای, اسکوپ,
973,هیوندای, اکسل,
974,هیوندای, اکسنت, بلو
975,هیوندای, اکسنت, ساده
976,هیوندای, اکسنت مونتاژ,
977,هیوندای, النترا, 1600cc
978,هیوندای, النترا, 1800cc
979,هیوندای, النترا, 2000cc
980,هیوندای, النترا مونتاژ,
981,هیوندای, تراجت,
982,هیوندای, توسان ix 35, 2000cc
983,هیوندای, توسان ix 35, 2400cc
984,هیوندای, توسان ix 35, 2700cc
985,هیوندای, جنسیس سدان,
986,هیوندای, جنسیس کوپه,
987,هیوندای, سانتافه ix 45, 2400cc
988,هیوندای, سانتافه ix 45, 2700cc
989,هیوندای, سانتافه ix 45, 3500cc
990,هیوندای, سنتنیال,
991,هیوندای, سوناتا LF,
992,هیوندای, سوناتا LF هیبرید, gl
993,هیوندای, سوناتا LF هیبرید, gls
994,هیوندای, سوناتا LF هیبرید, gls plus
995,هیوندای, سوناتا NF, 3300cc
996,هیوندای, سوناتا NF, اتوماتیک 2400cc
997,هیوندای, سوناتا NF, دنده‌ای 2400cc
998,هیوندای, سوناتا YF,
999,هیوندای, وراکروز ix55,
1000,هیوندای, ورنا, اتوماتیک
1001,هیوندای, ورنا, دنده‌ای
1002,هیوندای, ولستر,
1003,هیوندای, FX کوپه, اتوماتیک
1004,هیوندای, FX کوپه, دنده‌ای
1005,هیوندای, i10 مونتاژ,
1006,هیوندای, i20,
1007,هیوندای, i20 مونتاژ, آپشنال
1008,هیوندای, i20 مونتاژ, ساده
1009,هیوندای, i30,
1010,هیوندای, i40,
1011,هیوندای, i40 استیشن,
1012,یوآز, پاتریوت,
1013,یوآز, پیکاپ,
